{"cameraMode":{"drawMode":0,"name":"Shaded","section":"Shading Mode"},"sceneLighting":true,"audioPlay":false,"sceneViewState":{"m_AlwaysRefresh":false,"showFog":true,"showSkybox":true,"showFlares":true,"showImageEffects":true,"showParticleSystems":true,"showVisualEffectGraphs":true,"m_FxEnabled":true},"in2DMode":false,"pivot":{"x":-6.426088333129883,"y":3.7421672344207765,"z":3.8432769775390627},"rotation":{"x":0.04477379098534584,"y":-0.5576236248016357,"z":0.03014107421040535,"w":0.8283392190933228},"size":16.517301559448243,"orthographic":false}